{
  "config": {
    "batch_size": 128,
    "learning_rate": 0.0003,
    "weight_decay": 0.01,
    "epochs": 30,
    "max_frames": 75,
    "frame_height": 50,
    "frame_width": 100,
    "cnn_output_dim": 256,
    "lstm_hidden_size": 512,
    "lstm_layers": 2,
    "dropout": 0.3,
    "gradient_clip": 1.0,
    "warmup_epochs": 3,
    "val_split": 0.1,
    "test_split": 0.1,
    "num_workers": 16,
    "pin_memory": true,
    "use_amp": true
  },
  "epochs": [
    1,
    2,
    3,
    4,
    5,
    6,
    7,
    8,
    9,
    10,
    11,
    12,
    13,
    14,
    15,
    16,
    17,
    18,
    19,
    20,
    21,
    22,
    23,
    24,
    25,
    26,
    27,
    28,
    29,
    30
  ],
  "train_loss": [
    2.8221071341942094,
    1.9147039185995343,
    1.40696146570403,
    1.1944236220984623,
    1.0693210137301479,
    0.9588787206288042,
    0.8513248138044073,
    0.7337703889813917,
    0.6266393839627847,
    0.5324566018307346,
    0.4724036578474374,
    0.39772960509376964,
    0.34892897701811515,
    0.3017446772120465,
    0.2666041350912774,
    0.24028731796933317,
    0.21485266380611506,
    0.19333380906061196,
    0.1799043189177568,
    0.1650966356197993,
    0.15043273328364581,
    0.13914128076071028,
    0.12806170776315118,
    0.11957598648879719,
    0.11319504232927301,
    0.1077508430542617,
    0.10399369441572277,
    0.10166576932901623,
    0.09936167984858327,
    0.0988471645048295
  ],
  "train_wer": [
    0.9992855003636677,
    0.9888717751251537,
    0.9666864544560162,
    0.8817052082887693,
    0.7857189206919597,
    0.6907762161468385,
    0.6079215333932286,
    0.5223749982173093,
    0.4677120324020546,
    0.4142828619917607,
    0.37750146180065836,
    0.32889445086210756,
    0.2964415850197507,
    0.26773164192301296,
    0.2382333960837998,
    0.21313552674738703,
    0.1939035782027737,
    0.179938925255643,
    0.16695064818380778,
    0.15441642065631817,
    0.14365756784894695,
    0.13473398793480038,
    0.1254027082531148,
    0.11499112223505813,
    0.10908740854832531,
    0.1039698583836036,
    0.10020857399563379,
    0.09795116159671126,
    0.09493486073674474,
    0.0944872288538024
  ],
  "train_cer": [
    0.9335473614984308,
    0.7054228200129649,
    0.5697222943231467,
    0.49804721718800304,
    0.4330830307231091,
    0.37377295795364973,
    0.3194102447325105,
    0.26435105339754367,
    0.22306582162134764,
    0.18780367454037664,
    0.1651548196830535,
    0.13664694875037892,
    0.11863457917885485,
    0.10292417263144174,
    0.08902643551022706,
    0.07882521808141445,
    0.0702158288247497,
    0.06404817634012996,
    0.059042360736193886,
    0.05402174202442003,
    0.04979234538538891,
    0.046034181139732094,
    0.04238846799944209,
    0.03886559031449142,
    0.036800323743571874,
    0.034677375359173326,
    0.03362142179712997,
    0.03275591123350169,
    0.031570135787863926,
    0.031591736884229296
  ],
  "val_loss": [
    2.399081988768144,
    1.5473219698125666,
    1.2918977629054675,
    1.1461723175915806,
    1.03610759973526,
    0.947286995974454,
    0.880022097717632,
    0.6790106133981184,
    0.6343200477686796,
    0.5288459766994823,
    0.45433602278882806,
    0.43642505461519415,
    0.35339493372223596,
    0.3479225581342524,
    0.3726591576229442,
    0.323092211376537,
    0.24541594359007748,
    0.2866902839053761,
    0.24135260148481888,
    0.21322757683017038,
    0.22142789174209943,
    0.20588041029193185,
    0.19677201048894363,
    0.1843153712424365,
    0.18248596516522494,
    0.1807598891583356,
    0.177658272060481,
    0.1786373189904473,
    0.17687880451028998,
    0.17635870115323501
  ],
  "val_wer": [
    1.0,
    0.9786167881962264,
    0.9507634110437846,
    0.8359564889938724,
    0.7285397624182661,
    0.6792347061038637,
    0.5948743623977265,
    0.47904470918489667,
    0.4639177022354596,
    0.4139750436479403,
    0.363677210639827,
    0.33526325699222836,
    0.2937848755605763,
    0.285123754749923,
    0.2796891581938313,
    0.2532479203039952,
    0.20457190784293575,
    0.2162798260929102,
    0.19559840471055365,
    0.18149840813392115,
    0.175837013453835,
    0.16759525521207688,
    0.16180120502550335,
    0.1508763821847928,
    0.14760278662147766,
    0.14414518503303503,
    0.1415391462120428,
    0.13974187805963467,
    0.13794888911711303,
    0.13818852487076744
  ],
  "val_cer": [
    0.865760322692113,
    0.6084976652588412,
    0.5475453613740205,
    0.48601499601379433,
    0.416938391594032,
    0.3619271361295843,
    0.3282047297263495,
    0.24291068665926271,
    0.22794857694271864,
    0.18640940772424017,
    0.15989098943628174,
    0.14826722540894835,
    0.12125357218749264,
    0.11691534983674885,
    0.1256363337471777,
    0.1049641705715428,
    0.0797285275579379,
    0.08981528769909763,
    0.07723708317981702,
    0.06871710862517641,
    0.06901034966183862,
    0.06610506872413525,
    0.062024131404920656,
    0.05861928676720815,
    0.05758108634526863,
    0.05582572506646899,
    0.05488134998938224,
    0.05449216827099273,
    0.0544104560909983,
    0.05406852138185827
  ],
  "learning_rate": [
    9.999999999999999e-05,
    0.00019999999999999998,
    0.0003,
    0.0003,
    0.00029898575366129145,
    0.00029595673058697357,
    0.0002909538931178862,
    0.0002840448960485118,
    0.00027532317171194046,
    0.00026490666646784665,
    0.00025293624568031,
    0.00023957378875541792,
    0.000225,
    0.0002094119649058735,
    0.00019302048490666353,
    0.00017604722665003956,
    0.00015872172433657134,
    0.00014127827566342863,
    0.00012395277334996044,
    0.0001069795150933365,
    9.058803509412646e-05,
    7.500000000000002e-05,
    6.04262112445821e-05,
    4.706375431968997e-05,
    3.509333353215331e-05,
    2.4676828288059558e-05,
    1.5955103951488173e-05,
    9.046106882113751e-06,
    4.043269413026429e-06,
    1.0142463387085464e-06
  ],
  "test_loss": 0.1852922195738012,
  "test_wer": 0.13979750778816136,
  "test_cer": 0.05635544704797611,
  "training_time_minutes": 9.75458523829778
}